amfi_code,CAGR_pct,Sharpe_Ratio,Alpha_pct,Max_Drawdown_pct,expense_ratio_pct,CAGR_rank,Sharpe_rank,Alpha_rank,Expense_rank,DD_rank,Fund_Score,Fund_Score_100
120505,32.801599480386166,1.1801011976606492,29.301371282563316,-18.188513572116292,1.36,1.0,5.0,3.0,15.0,25.0,6.9,100.0
148567,30.949920362874206,1.4482911703262598,27.11501636821103,-11.265729075028275,1.46,5.0,1.0,7.0,23.0,8.0,7.3999999999999995,98.29205807002562
120843,30.883325525154603,1.3067439695428409,27.27835993505962,-12.97396816518679,1.45,6.0,2.0,5.0,22.0,13.0,7.8999999999999995,96.58411614005124
100033,30.099703552874523,1.093698743534631,27.234304039579733,-16.217208574644847,1.38,7.0,7.0,6.0,17.0,20.0,9.600000000000001,90.77711357813834
148569,31.924485848158724,1.2349300257743294,28.347336470728674,-16.39674294693263,1.6,4.0,3.0,4.0,36.5,21.0,10.325,88.30059777967548
119598,32.398083984645545,0.9453082575156095,30.111441933100018,-28.706005721764548,1.43,2.0,14.0,1.0,21.0,36.0,11.049999999999999,85.82408198121264
120504,23.277447532730513,1.0265242847993001,21.20943009940057,-12.588275606922517,0.8,13.0,10.0,13.0,12.0,12.0,12.0,82.57899231426131
119552,21.50802178549933,0.9532794968660104,19.82932218749148,-11.803493502764296,0.66,15.0,12.0,15.0,4.0,11.0,12.2,81.89581554227155
149324,32.262107528416564,0.9497958246616031,29.81786893056835,-31.171900300634213,1.52,3.0,13.0,2.0,26.5,37.0,12.225000000000001,81.81041844577284
119551,25.784920849464086,1.2082665673727175,23.219648016717326,-15.012385498645331,1.54,10.0,4.0,10.0,30.5,17.0,12.274999999999999,81.6396242527754
119094,28.192608222062464,0.9982309868636413,25.997054053321055,-20.960883862039193,1.38,9.0,11.0,9.0,17.0,28.0,12.6,80.52946199829205
149323,29.558105232568344,1.1321218524747243,26.583594480787763,-17.24810575345138,1.61,8.0,6.0,8.0,38.0,22.0,13.399999999999999,77.79675491033305
118632,24.03119561352478,1.0816591793457042,21.728068775563276,-17.41407508665723,1.51,11.0,8.0,11.0,24.5,23.0,13.475000000000001,77.54056362083688
101206,23.520488754230385,1.0272133278753695,21.39447485061358,-11.291596329323072,1.6,12.0,9.0,12.0,36.5,9.0,14.625,73.61229718189581
125497,19.003613208378557,0.7757902498211205,17.89129568352085,-15.200013055606398,0.92,16.0,18.0,16.0,14.0,18.0,16.4,67.54910333048676
148568,22.499840384352243,0.9262873467360146,20.79171509667248,-15.27259422823477,1.52,14.0,15.0,14.0,26.5,19.0,16.625,66.78052946199828
120503,18.771330105513616,0.7979728586052847,17.587937785242744,-13.897862823061635,1.42,17.0,17.0,18.0,20.0,14.0,17.349999999999998,64.30401366353544
102885,18.218826089343754,0.8170993373494367,16.99271155779475,-10.85986215250232,1.57,18.0,16.0,19.0,34.0,7.0,18.999999999999996,58.66780529461999
118635,15.94548118508252,0.664856998549062,15.160602363545674,-11.650624505409091,0.89,23.0,19.0,23.0,13.0,10.0,19.2,57.984628522630224
118633,16.262218000296524,0.6452074382933215,15.503795076034137,-18.62974313859551,0.72,22.0,21.0,22.0,5.5,26.0,19.675,56.36208368915456
120506,17.072227512921923,0.6488787755249534,16.283731486753183,-19.82565826298267,1.41,19.0,20.0,20.0,19.0,27.0,20.25,54.39795046968402
120507,7.232410932344591,0.4957233929533123,6.747180157927477,-0.09773140045925555,0.74,29.0,23.0,31.0,7.0,1.0,21.8,49.10333048676344
118634,16.36139647659338,0.44843400890899127,17.80020912356628,-23.34488614483311,1.53,21.0,26.0,17.0,28.5,32.0,23.675,42.69854824935951
125498,11.293660210400969,0.3006119210425478,12.055386350487392,-21.11727956013212,0.78,26.0,27.0,26.0,10.0,29.0,24.15,41.076003415883854
120844,6.91037983940288,-0.08874729621557288,6.454601487990589,-0.11629327956168556,0.6,30.0,34.0,32.0,3.0,2.0,24.549999999999997,39.709649871904354
102887,16.828673461948984,0.6195175900829828,16.17931645247029,-21.539827112383225,1.64,20.0,22.0,21.0,39.5,30.0,24.625,39.45345858240819
149322,13.383520958789363,0.4640374492204776,13.129906992674877,-14.844576917771747,1.54,25.0,25.0,24.0,30.5,16.0,24.725,39.111870196413314
119093,7.891944369437343,0.12961449795669328,8.329931222337688,-21.751396370148225,0.75,28.0,29.0,28.0,8.0,31.0,25.55,36.29376601195558
120841,13.522349085511554,0.4942725378672349,13.06827826853839,-17.57361416468729,1.59,24.0,24.0,25.0,35.0,24.0,25.85,35.26900085397095
118636,5.313155402760827,-0.3566295075143678,5.096267106480351,-8.316361763638703,0.55,35.0,38.0,35.0,1.0,6.0,27.75,28.77882152006831
119120,5.885271270380055,-0.22657538662791576,5.576272319829054,-4.328728923970093,0.77,34.0,37.0,34.0,9.0,5.0,28.1,27.583262169086236
101208,6.504429821332125,-0.8155673679088263,6.0842112922266285,-0.16224980244717857,0.79,32.0,40.0,33.0,11.0,3.0,28.150000000000002,27.412467976088795
101207,7.933120999915699,0.16266076928646772,10.820454812152297,-35.44691649336603,1.53,27.0,28.0,27.0,28.5,38.0,28.575,25.960717335610582
100025,4.455091155784441,-0.5670947928476846,4.318931307871384,-4.308263824636349,0.56,36.0,39.0,38.0,2.0,4.0,28.849999999999998,25.021349274124677
120842,6.696806255006482,0.07599984804658921,7.85865149291694,-24.003511326274886,1.56,31.0,30.0,29.0,33.0,33.0,30.849999999999998,18.189581554227154
119092,6.363494757718979,0.03078485095458594,6.97017081135713,-14.401617909337261,1.64,33.0,31.0,30.0,39.5,15.0,31.075,17.42100768573868
119599,2.053064146209893,-0.05718662582817995,5.0572431452751045,-52.57422117012851,0.72,38.0,32.0,36.0,5.5,40.0,31.424999999999997,16.22544833475662
119095,1.5204552427132478,-0.0759735711747892,4.56801280646923,-51.677753708526566,1.38,39.0,33.0,37.0,17.0,39.0,33.800000000000004,8.112724167378286
100016,2.6352458116335464,-0.20151706755966936,3.622082583927385,-24.734440880673304,1.55,37.0,35.0,39.0,32.0,34.0,35.85,1.110162254483333
102886,1.17093879842316,-0.20583160785470309,2.8949366251249287,-28.00112356639287,1.51,40.0,36.0,40.0,24.5,35.0,36.175,0.0
